host_stack,n_pages,qdepth,trial,t_e2e_ns,status
spdk,512,1,0,35235,0
spdk,512,1,1,34761,0
spdk,512,1,2,34647,0
spdk,512,1,3,34632,0
spdk,512,1,4,34625,0
spdk,512,1,5,34642,0
spdk,512,1,6,34652,0
spdk,512,1,7,34697,0
spdk,512,1,8,34620,0
spdk,512,1,9,34635,0
spdk,512,1,10,34633,0
spdk,512,1,11,34656,0
spdk,512,1,12,34638,0
spdk,512,1,13,34626,0
spdk,512,1,14,34683,0
spdk,512,1,15,34671,0
spdk,512,1,16,34650,0
spdk,512,1,17,34626,0
spdk,512,1,18,34673,0
spdk,512,1,19,34638,0
spdk,512,1,20,34523,0
spdk,512,1,21,34522,0
spdk,512,1,22,34660,0
spdk,512,1,23,34830,0
spdk,512,1,24,34809,0
spdk,512,1,25,34628,0
spdk,512,1,26,34619,0
spdk,512,1,27,34687,0
spdk,512,1,28,34642,0
spdk,512,1,29,34623,0
