harness,num_service_units,N_or_iodepth,qdepth,threads,T_model_ns,measured_e2e_ns,measured_MIOPS,abs_err,rel_err
nvmevirt,0,1,1,1,0,36000,0.0278,0,0.0
nvmevirt,0,4,4,1,0,40000,0.1000,0,0.0
nvmevirt,0,8,8,1,0,45000,0.1778,0,0.0
nvmevirt,0,64,64,1,0,116000,0.5517,0,0.0
nvmevirt,0,512,512,1,0,557000,0.9192,0,0.0
nvmevirt,0,4096,4096,1,0,4240000,0.9660,0,0.0
swarmio,8,1,1,1,0,50415,0.0198,0,0.0
swarmio,8,2,2,1,0,50009,0.0400,0,0.0
swarmio,8,4,4,1,0,57955,0.0690,0,0.0
swarmio,8,8,8,1,0,65816,0.1216,0,0.0
swarmio,8,16,16,1,0,83850,0.1908,0,0.0
swarmio,8,32,32,1,0,100143,0.3195,0,0.0
swarmio,8,64,64,1,0,155881,0.4106,0,0.0
swarmio,8,128,128,1,0,288297,0.4440,0,0.0
swarmio,8,256,256,1,0,544168,0.4704,0,0.0
swarmio,8,512,512,1,0,1114869,0.4592,0,0.0
swarmio,8,1024,1024,1,0,2546474,0.4021,0,0.0
swarmio,8,2048,2048,1,0,5302138,0.3863,0,0.0
swarmio,8,4096,4096,1,0,10551724,0.3882,0,0.0
swarmio_fio,1,32,32,1,0,81550,0.3810,0,0.0
swarmio_fio,1,64,32,2,0,80460,0.7710,0,0.0
swarmio_fio,1,128,32,4,0,83950,1.4780,0,0.0
swarmio_fio,1,256,32,8,0,83710,2.9650,0,0.0
swarmio_fio,2,32,32,1,0,83330,0.3720,0,0.0
swarmio_fio,2,64,32,2,0,87240,0.7110,0,0.0
swarmio_fio,2,128,32,4,0,88600,1.4000,0,0.0
swarmio_fio,2,256,32,8,0,91400,2.7150,0,0.0
swarmio_fio,4,32,32,1,0,88870,0.3490,0,0.0
swarmio_fio,4,64,32,2,0,92650,0.6700,0,0.0
swarmio_fio,4,128,32,4,0,94880,1.3080,0,0.0
swarmio_fio,4,256,32,8,0,101900,2.4350,0,0.0
swarmio_fio,8,32,32,1,0,101990,0.3040,0,0.0
swarmio_fio,8,64,32,2,0,102190,0.6070,0,0.0
swarmio_fio,8,128,32,4,0,104790,1.1840,0,0.0
swarmio_fio,8,256,32,8,0,112550,2.2050,0,0.0
