harness,num_service_units,N_or_iodepth,qdepth,threads,T_model_ns,measured_e2e_ns,measured_MIOPS,abs_err,rel_err,reqsize_bytes,num_requests
nvmevirt,0,512,512,1,0,775658,0.6601,0,0.0,4096,512
nvmevirt,0,512,256,1,0,533157,0.9603,0,0.0,8192,256
nvmevirt,0,512,128,1,0,414528,1.2351,0,0.0,16384,128
nvmevirt,0,512,64,1,0,328917,1.5566,0,0.0,32768,64
nvmevirt,0,512,32,1,0,303121,1.6891,0,0.0,65536,32
nvmevirt,0,512,16,1,0,328181,1.5601,0,0.0,131072,16
nvmevirt,0,512,8,1,0,322607,1.5871,0,0.0,262144,8
nvmevirt,0,512,8,1,0,316754,1.6164,0,0.0,262144,8
nvmevirt,0,1024,16,1,0,621396,1.6479,0,0.0,262144,16
nvmevirt,0,2048,32,1,0,1560522,1.3124,0,0.0,262144,32
nvmevirt,0,4096,64,1,0,3337117,1.2274,0,0.0,262144,64
nvmevirt,0,8192,128,1,0,7325251,1.1183,0,0.0,262144,128
