requests,qdepth,trial,t_endtoend_ns,t_p50_ns,t_p99_ns,host_stack
1,1,0,35564,35421,35421,spdk
1,1,1,34990,34912,34912,spdk
1,1,2,34869,34814,34814,spdk
1,1,3,35034,34985,34985,spdk
1,1,4,34941,34883,34883,spdk
1,1,5,34956,34906,34906,spdk
1,1,6,34957,34906,34906,spdk
1,1,7,34859,34808,34808,spdk
1,1,8,34817,34768,34768,spdk
1,1,9,34856,34808,34808,spdk
1,1,10,35098,35033,35033,spdk
1,1,11,34897,34830,34830,spdk
1,1,12,34921,34840,34840,spdk
1,1,13,34919,34864,34864,spdk
1,1,14,34918,34856,34856,spdk
